Date,Rented Bike Count
2018-11-01,492
2018-11-01,409
2018-11-01,352
2018-11-01,265
2018-11-01,233
2018-11-01,237
2018-11-01,287
2018-11-01,927
2018-11-01,1418
2018-11-01,880
2018-11-01,832
2018-11-01,1009
2018-11-01,1096
2018-11-01,1118
2018-11-01,1073
2018-11-01,1190
2018-11-01,1401
2018-11-01,1596
2018-11-01,1807
2018-11-01,1246
2018-11-01,1173
2018-11-01,1148
2018-11-01,946
2018-11-01,746
2018-11-02,535
2018-11-02,439
2018-11-02,333
2018-11-02,239
2018-11-02,188
2018-11-02,186
2018-11-02,324
2018-11-02,840
2018-11-02,1252
2018-11-02,887
2018-11-02,891
2018-11-02,1050
2018-11-02,1157
2018-11-02,1129
2018-11-02,1237
2018-11-02,1347
2018-11-02,1624
2018-11-02,1714
2018-11-02,1794
2018-11-02,1497
2018-11-02,1381
2018-11-02,1124
2018-11-02,1003
2018-11-02,843
2018-11-03,0
2018-11-03,0
2018-11-03,0
2018-11-03,0
2018-11-03,0
2018-11-03,0
2018-11-03,0
2018-11-03,0
2018-11-03,0
2018-11-03,0
2018-11-03,0
2018-11-03,0
2018-11-03,0
2018-11-03,0
2018-11-03,0
2018-11-03,0
2018-11-03,0
2018-11-03,0
2018-11-03,0
2018-11-03,0
2018-11-03,0
2018-11-03,0
2018-11-03,0
2018-11-03,0
2018-11-04,685
2018-11-04,543
2018-11-04,392
2018-11-04,247
2018-11-04,171
2018-11-04,179
2018-11-04,326
2018-11-04,710
2018-11-04,1069
2018-11-04,852
2018-11-04,898
2018-11-04,962
2018-11-04,1138
2018-11-04,1244
2018-11-04,1306
2018-11-04,1452
2018-11-04,1458
2018-11-04,1822
2018-11-04,1722
2018-11-04,1379
2018-11-04,1372
2018-11-04,1261
2018-11-04,1153
2018-11-04,817
2018-11-05,658
2018-11-05,544
2018-11-05,343
2018-11-05,191
2018-11-05,178
2018-11-05,129
2018-11-05,252
2018-11-05,571
2018-11-05,950
2018-11-05,887
2018-11-05,824
2018-11-05,949
2018-11-05,817
2018-11-05,1110
2018-11-05,1126
2018-11-05,1272
2018-11-05,1418
2018-11-05,1564
2018-11-05,1630
2018-11-05,1419
2018-11-05,1226
2018-11-05,1154
2018-11-05,1045
2018-11-05,738
2018-11-06,0
2018-11-06,0
2018-11-06,0
2018-11-06,0
2018-11-06,0
2018-11-06,0
2018-11-06,0
2018-11-06,0
2018-11-06,0
2018-11-06,0
2018-11-06,0
2018-11-06,0
2018-11-06,0
2018-11-06,0
2018-11-06,0
2018-11-06,0
2018-11-06,0
2018-11-06,0
2018-11-06,0
2018-11-06,0
2018-11-06,0
2018-11-06,0
2018-11-06,0
2018-11-06,0
2018-11-07,678
2018-11-07,566
2018-11-07,355
2018-11-07,117
2018-11-07,141
2018-11-07,175
2018-11-07,181
2018-11-07,423
2018-11-07,591
2018-11-07,394
2018-11-07,601
2018-11-07,663
2018-11-07,889
2018-11-07,825
2018-11-07,989
2018-11-07,878
2018-11-07,1066
2018-11-07,1266
2018-11-07,1413
2018-11-07,1188
2018-11-07,1334
2018-11-07,1340
2018-11-07,1292
2018-11-07,1008
2018-11-08,749
2018-11-08,583
2018-11-08,394
2018-11-08,206
2018-11-08,168
2018-11-08,178
2018-11-08,172
2018-11-08,545
2018-11-08,612
2018-11-08,86
2018-11-08,276
2018-11-08,244
2018-11-08,22
2018-11-08,310
2018-11-08,323
2018-11-08,36
2018-11-08,316
2018-11-08,542
2018-11-08,154
2018-11-08,728
2018-11-08,778
2018-11-08,56
2018-11-08,672
2018-11-08,510
2018-11-09,0
2018-11-09,0
2018-11-09,0
2018-11-09,0
2018-11-09,0
2018-11-09,0
2018-11-09,0
2018-11-09,0
2018-11-09,0
2018-11-09,0
2018-11-09,0
2018-11-09,0
2018-11-09,0
2018-11-09,0
2018-11-09,0
2018-11-09,0
2018-11-09,0
2018-11-09,0
2018-11-09,0
2018-11-09,0
2018-11-09,0
2018-11-09,0
2018-11-09,0
2018-11-09,0
2018-11-10,677
2018-11-10,530
2018-11-10,357
2018-11-10,271
2018-11-10,168
2018-11-10,175
2018-11-10,331
2018-11-10,636
2018-11-10,774
2018-11-10,607
2018-11-10,788
2018-11-10,830
2018-11-10,946
2018-11-10,907
2018-11-10,1059
2018-11-10,1166
2018-11-10,1345
2018-11-10,1419
2018-11-10,1544
2018-11-10,1261
2018-11-10,1121
2018-11-10,935
2018-11-10,860
2018-11-10,845
2018-11-11,456
2018-11-11,456
2018-11-11,298
2018-11-11,186
2018-11-11,109
2018-11-11,133
2018-11-11,257
2018-11-11,590
2018-11-11,831
2018-11-11,824
2018-11-11,742
2018-11-11,740
2018-11-11,751
2018-11-11,735
2018-11-11,731
2018-11-11,719
2018-11-11,781
2018-11-11,1019
2018-11-11,1130
2018-11-11,1089
2018-11-11,1055
2018-11-11,1138
2018-11-11,913
2018-11-11,765
2018-11-12,533
2018-11-12,418
2018-11-12,352
2018-11-12,268
2018-11-12,232
2018-11-12,235
2018-11-12,382
2018-11-12,911
2018-11-12,1133
2018-11-12,907
2018-11-12,856
2018-11-12,938
2018-11-12,1140
2018-11-12,1120
2018-11-12,1133
2018-11-12,1211
2018-11-12,1288
2018-11-12,1396
2018-11-12,1486
2018-11-12,1165
2018-11-12,1089
2018-11-12,1091
2018-11-12,962
2018-11-12,734
2018-11-13,547
2018-11-13,381
2018-11-13,326
2018-11-13,230
2018-11-13,185
2018-11-13,191
2018-11-13,323
2018-11-13,813
2018-11-13,1208
2018-11-13,828
2018-11-13,849
2018-11-13,955
2018-11-13,1130
2018-11-13,1114
2018-11-13,1182
2018-11-13,1274
2018-11-13,1394
2018-11-13,1492
2018-11-13,1600
2018-11-13,1121
2018-11-13,1109
2018-11-13,1099
2018-11-13,1089
2018-11-13,819
2018-11-14,560
2018-11-14,440
2018-11-14,356
2018-11-14,252
2018-11-14,178
2018-11-14,179
2018-11-14,313
2018-11-14,732
2018-11-14,1213
2018-11-14,855
2018-11-14,889
2018-11-14,971
2018-11-14,1066
2018-11-14,1076
2018-11-14,1140
2018-11-14,1270
2018-11-14,1336
2018-11-14,1492
2018-11-14,1671
2018-11-14,1327
2018-11-14,1140
2018-11-14,1071
2018-11-14,971
2018-11-14,760
2018-11-15,574
2018-11-15,433
2018-11-15,348
2018-11-15,238
2018-11-15,184
2018-11-15,165
2018-11-15,326
2018-11-15,846
2018-11-15,1179
2018-11-15,808
2018-11-15,835
2018-11-15,937
2018-11-15,1071
2018-11-15,1066
2018-11-15,1072
2018-11-15,1252
2018-11-15,1366
2018-11-15,1434
2018-11-15,1635
2018-11-15,1338
2018-11-15,1032
2018-11-15,1018
2018-11-15,981
2018-11-15,810
2018-11-16,586
2018-11-16,494
2018-11-16,371
2018-11-16,242
2018-11-16,189
2018-11-16,197
2018-11-16,386
2018-11-16,778
2018-11-16,1080
2018-11-16,853
2018-11-16,624
2018-11-16,932
2018-11-16,1008
2018-11-16,904
2018-11-16,1007
2018-11-16,997
2018-11-16,915
2018-11-16,884
2018-11-16,961
2018-11-16,801
2018-11-16,781
2018-11-16,738
2018-11-16,756
2018-11-16,761
2018-11-17,447
2018-11-17,398
2018-11-17,298
2018-11-17,213
2018-11-17,175
2018-11-17,164
2018-11-17,279
2018-11-17,892
2018-11-17,1206
2018-11-17,929
2018-11-17,794
2018-11-17,822
2018-11-17,934
2018-11-17,1016
2018-11-17,905
2018-11-17,912
2018-11-17,1016
2018-11-17,1050
2018-11-17,1155
2018-11-17,906
2018-11-17,912
2018-11-17,936
2018-11-17,902
2018-11-17,769
2018-11-18,484
2018-11-18,413
2018-11-18,283
2018-11-18,222
2018-11-18,178
2018-11-18,171
2018-11-18,286
2018-11-18,916
2018-11-18,1250
2018-11-18,913
2018-11-18,791
2018-11-18,849
2018-11-18,962
2018-11-18,974
2018-11-18,970
2018-11-18,947
2018-11-18,937
2018-11-18,1042
2018-11-18,1176
2018-11-18,1005
2018-11-18,890
2018-11-18,889
2018-11-18,853
2018-11-18,772
2018-11-19,565
2018-11-19,439
2018-11-19,328
2018-11-19,235
2018-11-19,196
2018-11-19,195
2018-11-19,333
2018-11-19,846
2018-11-19,1212
2018-11-19,893
2018-11-19,750
2018-11-19,847
2018-11-19,958
2018-11-19,986
2018-11-19,878
2018-11-19,1045
2018-11-19,921
2018-11-19,1000
2018-11-19,1029
2018-11-19,846
2018-11-19,833
2018-11-19,901
2018-11-19,849
2018-11-19,738
2018-11-20,444
2018-11-20,338
2018-11-20,282
2018-11-20,202
2018-11-20,168
2018-11-20,143
2018-11-20,258
2018-11-20,877
2018-11-20,1168
2018-11-20,929
2018-11-20,791
2018-11-20,843
2018-11-20,949
2018-11-20,1130
2018-11-20,1069
2018-11-20,1123
2018-11-20,1081
2018-11-20,1109
2018-11-20,1104
2018-11-20,992
2018-11-20,989
2018-11-20,979
2018-11-20,956
2018-11-20,828
2018-11-21,319
2018-11-21,279
2018-11-21,268
2018-11-21,113
2018-11-21,112
2018-11-21,158
2018-11-21,241
2018-11-21,579
2018-11-21,831
2018-11-21,903
2018-11-21,788
2018-11-21,804
2018-11-21,911
2018-11-21,884
2018-11-21,863
2018-11-21,925
2018-11-21,938
2018-11-21,1025
2018-11-21,1028
2018-11-21,993
2018-11-21,950
2018-11-21,887
2018-11-21,862
2018-11-21,755
2018-11-22,415
2018-11-22,278
2018-11-22,253
2018-11-22,179
2018-11-22,142
2018-11-22,140
2018-11-22,256
2018-11-22,868
2018-11-22,1156
2018-11-22,865
2018-11-22,854
2018-11-22,827
2018-11-22,860
2018-11-22,869
2018-11-22,864
2018-11-22,894
2018-11-22,866
2018-11-22,929
2018-11-22,1166
2018-11-22,943
2018-11-22,981
2018-11-22,903
2018-11-22,874
2018-11-22,717
2018-11-23,316
2018-11-23,271
2018-11-23,234
2018-11-23,182
2018-11-23,147
2018-11-23,148
2018-11-23,252
2018-11-23,868
2018-11-23,1235
2018-11-23,868
2018-11-23,826
2018-11-23,828
2018-11-23,923
2018-11-23,850
2018-11-23,868
2018-11-23,902
2018-11-23,918
2018-11-23,967
2018-11-23,1001
2018-11-23,942
2018-11-23,929
2018-11-23,928
2018-11-23,885
2018-11-23,759
2018-11-24,374
2018-11-24,322
2018-11-24,276
2018-11-24,207
2018-11-24,166
2018-11-24,219
2018-11-24,376
2018-11-24,644
2018-11-24,702
2018-11-24,568
2018-11-24,595
2018-11-24,619
2018-11-24,597
2018-11-24,658
2018-11-24,611
2018-11-24,545
2018-11-24,504
2018-11-24,612
2018-11-24,721
2018-11-24,670
2018-11-24,645
2018-11-24,651
2018-11-24,626
2018-11-24,597
2018-11-25,177
2018-11-25,138
2018-11-25,120
2018-11-25,63
2018-11-25,39
2018-11-25,65
2018-11-25,132
2018-11-25,656
2018-11-25,804
2018-11-25,797
2018-11-25,709
2018-11-25,596
2018-11-25,667
2018-11-25,768
2018-11-25,771
2018-11-25,741
2018-11-25,746
2018-11-25,785
2018-11-25,654
2018-11-25,587
2018-11-25,713
2018-11-25,529
2018-11-25,559
2018-11-25,557
2018-11-26,211
2018-11-26,176
2018-11-26,136
2018-11-26,77
2018-11-26,69
2018-11-26,88
2018-11-26,123
2018-11-26,661
2018-11-26,958
2018-11-26,922
2018-11-26,762
2018-11-26,661
2018-11-26,809
2018-11-26,923
2018-11-26,903
2018-11-26,1191
2018-11-26,1333
2018-11-26,1228
2018-11-26,1000
2018-11-26,917
2018-11-26,770
2018-11-26,703
2018-11-26,727
2018-11-26,614
2018-11-27,387
2018-11-27,277
2018-11-27,216
2018-11-27,169
2018-11-27,119
2018-11-27,128
2018-11-27,222
2018-11-27,657
2018-11-27,976
2018-11-27,776
2018-11-27,643
2018-11-27,754
2018-11-27,757
2018-11-27,855
2018-11-27,830
2018-11-27,953
2018-11-27,877
2018-11-27,1014
2018-11-27,961
2018-11-27,958
2018-11-27,860
2018-11-27,787
2018-11-27,739
2018-11-27,676
2018-11-28,276
2018-11-28,192
2018-11-28,135
2018-11-28,84
2018-11-28,19
2018-11-28,7
2018-11-28,203
2018-11-28,877
2018-11-28,1185
2018-11-28,936
2018-11-28,728
2018-11-28,756
2018-11-28,843
2018-11-28,892
2018-11-28,943
2018-11-28,977
2018-11-28,909
2018-11-28,930
2018-11-28,901
2018-11-28,850
2018-11-28,879
2018-11-28,862
2018-11-28,834
2018-11-28,779
2018-11-29,364
2018-11-29,320
2018-11-29,276
2018-11-29,208
2018-11-29,174
2018-11-29,172
2018-11-29,262
2018-11-29,865
2018-11-29,1166
2018-11-29,928
2018-11-29,786
2018-11-29,790
2018-11-29,754
2018-11-29,841
2018-11-29,823
2018-11-29,840
2018-11-29,898
2018-11-29,941
2018-11-29,1073
2018-11-29,922
2018-11-29,894
2018-11-29,891
2018-11-29,896
2018-11-29,787
2018-11-30,378
2018-11-30,285
2018-11-30,249
2018-11-30,182
2018-11-30,150
2018-11-30,140
2018-11-30,246
2018-11-30,867
2018-11-30,1170
2018-11-30,907
2018-11-30,828
2018-11-30,788
2018-11-30,833
2018-11-30,827
2018-11-30,965
2018-11-30,895
2018-11-30,911
2018-11-30,888
2018-11-30,919
2018-11-30,867
2018-11-30,911
2018-11-30,916
2018-11-30,890
2018-11-30,805
